id,装備種,装備名,カテゴリID,アイコンID,火力,雷装,対空,対潜,命中,爆装,射程,上位装備,装備艦種,装備可(例外),装備不可(例外)
282,小口径主砲,130mm B-13連装砲,1,1,4,0,1,0,0,0,短,,DD:DE:CL,,
308,小口径主砲,5inch単装砲 Mk.30改+GFCS Mk.37,1,16,3,0,11,0,6,0,中,,DD:DE:CL,,
267,小口径主砲,12.7cm連装砲D型改二,1,1,3,0,4,0,2,0,短,,DD:DE:CL,,
313,小口径主砲,5inch単装砲 Mk.30改,1,16,3,0,7,0,2,0,短,,DD:DE:CL,,
366,小口径主砲,12.7cm連装砲D型改三,1,1,3,0,4,2,2,0,短,,DD:DE:CL,,
122,小口径主砲,10cm連装高角砲+高射装置,1,16,3,0,10,0,1,0,短,,DD:DE:CL,,
147,小口径主砲,120mm連装砲,1,1,3,0,2,0,1,0,短,,DD:DE:CL,,
266,小口径主砲,12.7cm連装砲C型改二,1,1,3,0,2,0,1,0,短,,DD:DE:CL,,
280,小口径主砲,QF 4.7inch砲 Mk.XII改,1,1,3,0,3,1,1,0,短,,DD:DE:CL,,
296,小口径主砲,12.7cm連装砲B型改四(戦時改修)+高射装置,1,16,3,0,9,0,1,0,短,,DD:DE:CL,,
63,小口径主砲,12.7cm連装砲B型改二,1,1,3,0,2,0,0,0,短,,DD:DE:CL,,
78,小口径主砲,12.7cm単装砲,1,1,2,0,0,0,1,0,短,FALSE,DD:DE:CL,,
91,小口径主砲,12.7cm連装高角砲(後期型),1,16,2,0,5,1,1,0,短,,DD:DE:CL,,
284,小口径主砲,5inch単装砲 Mk.30,1,16,2,0,6,0,1,0,短,FALSE,DD:DE:CL,,
294,小口径主砲,12.7cm連装砲A型改二,1,1,2,0,1,0,1,0,短,,DD:DE:CL,,
295,小口径主砲,12.7cm連装砲A型改三(戦時改修)+高射装置,1,16,2,0,8,0,1,0,短,,DD:DE:CL,,
380,小口径主砲,12.7cm連装高角砲改二,1,16,2,0,6,2,1,0,短,FALSE,DD:DE:CL,,
2,小口径主砲,12.7cm連装砲,1,1,2,0,2,0,0,0,短,FALSE,DD:DE:CL,,
3,小口径主砲,10cm連装高角砲,1,16,2,0,7,0,0,0,短,FALSE,DD:DE:CL,,
297,小口径主砲,12.7cm連装砲A型,1,1,2,0,1,0,0,0,短,FALSE,DD:DE:CL,,
229,小口径主砲,12.7cm単装高角砲(後期型),1,16,1,0,4,1,1,0,短,,DD:DE:CL,,
293,小口径主砲,12cm単装砲改二,1,1,1,0,0,0,1,0,短,,DD:DE:CL,,
379,小口径主砲,12.7cm単装高角砲改二,1,16,1,0,5,2,1,0,短,FALSE,DD:DE:CL,,
1,小口径主砲,12cm単装砲,1,1,1,0,1,0,0,0,短,FALSE,DD:DE:CL,,
48,小口径主砲,12cm単装高角砲,1,16,1,0,3,0,0,0,短,FALSE,DD:DE:CL,,
357,中口径主砲,8inch三連装砲 Mk.9 mod.2,2,2,12,0,2,0,1,0,中,,CL,,
356,中口径主砲,8inch三連装砲 Mk.9,2,2,11,0,1,0,0,0,中,,CL,,
123,中口径主砲,SKC34 20.3cm連装砲,2,2,10,0,2,0,3,0,中,,CL,,
50,中口径主砲,20.3cm(3号)連装砲,2,2,10,0,4,0,1,0,中,,CL,,
341,中口径主砲,152mm/55 三連装速射砲改,2,2,9,0,3,0,2,0,中,,CL,,
90,中口径主砲,20.3cm(2号)連装砲,2,2,9,0,3,0,1,0,中,,CL,,
162,中口径主砲,203mm/53 連装砲,2,2,9,0,1,0,-2,0,長,,CL,,
340,中口径主砲,152mm/55 三連装速射砲,2,2,8,0,2,0,1,0,中,,CL,,
6,中口径主砲,20.3cm連装砲,2,2,8,0,3,0,0,0,中,FALSE,CL,,
235,中口径主砲,15.5cm三連装砲改,2,2,7,0,5,0,3,0,中,,CL,,
361,中口径主砲,Bofors 15cm連装速射砲 Mk.9改+単装速射砲 Mk.10改 Model 1938,2,2,7,0,6,0,3,0,中,,CL,,
5,中口径主砲,15.5cm三連装砲,2,2,7,0,4,0,1,0,中,FALSE,CL,,
363,中口径主砲,GFCS Mk.37+5inch連装両用砲(集中配備),2,16,6,0,14,0,6,0,中,,CL,,
139,中口径主砲,15.2cm連装砲改,2,2,6,0,3,0,4,0,中,,CL,,
360,中口径主砲,Bofors 15cm連装速射砲 Mk.9 Model 1938,2,2,6,0,5,0,3,0,中,,CL,,
65,中口径主砲,15.2cm連装砲,2,2,5,0,3,0,3,0,中,FALSE,CL,,
303,中口径主砲,Bofors 15.2cm連装砲 Model 1930,2,2,5,0,4,0,3,0,中,FALSE,CL,,
310,中口径主砲,14cm連装砲改,2,2,5,0,0,0,3,0,中,,CL,,
359,中口径主砲,6inch 連装速射砲 Mk.XXI,2,2,5,0,3,0,2,0,中,,CL,,
362,中口径主砲,5inch連装両用砲(集中配備),2,16,5,0,11,0,2,0,中,,CL,,
119,中口径主砲,14cm連装砲,2,2,4,0,0,0,2,0,中,FALSE,CL,,
4,中口径主砲,14cm単装砲,2,2,2,0,0,0,1,0,中,FALSE,CL,,
281,大口径主砲,51cm連装砲,3,3,32,0,5,0,1,0,超長,,,,
128,大口径主砲,試製51cm連装砲,3,3,30,0,5,0,1,0,超長,,,,
276,大口径主砲,46cm三連装砲改,3,3,27,0,6,0,2,0,超長,,,,
9,大口径主砲,46cm三連装砲,3,3,26,0,5,0,0,0,超長,,,,
183,大口径主砲,16inch三連装砲 Mk.7+GFCS,3,3,24,0,3,0,7,0,長,,,,
161,大口径主砲,16inch三連装砲 Mk.7,3,3,24,0,3,0,4,0,長,,,,
300,大口径主砲,16inch Mk.I三連装砲改+FCR type284,3,3,23,0,7,0,6,0,長,,,,
290,大口径主砲,41cm三連装砲改二,3,3,23,0,6,0,5,0,長,,,,
117,大口径主砲,試製46cm連装砲,3,3,23,0,4,0,1,0,超長,,,,
236,大口径主砲,41cm三連装砲改,3,3,22,0,6,0,4,0,長,,,,
299,大口径主砲,16inch Mk.I三連装砲+AFCT改,3,3,22,0,0,0,4,0,長,,,,
246,大口径主砲,38cm四連装砲改,3,3,22,0,2,0,3,0,中,,,,
105,大口径主砲,試製41cm三連装砲,3,3,22,0,5,0,2,0,長,,,,
381,大口径主砲,16inch三連装砲 Mk.6,3,3,22,0,2,0,2,0,長,,,,
318,大口径主砲,41cm連装砲改二,3,3,21,0,5,0,5,0,長,,,,
332,大口径主砲,16inch Mk.VIII連装砲改,3,3,21,0,6,0,4,0,長,,,,
298,大口径主砲,16inch Mk.I三連装砲,3,3,21,0,0,0,2,0,長,,,,
331,大口径主砲,16inch Mk.V連装砲,3,3,21,0,2,0,2,0,長,,,,
245,大口径主砲,38cm四連装砲,3,3,21,0,1,0,1,0,長,,,,
137,大口径主砲,381mm/50 三連装砲改,3,3,21,0,4,0,-1,0,超長,,,,
330,大口径主砲,16inch Mk.I連装砲,3,3,20,0,0,0,1,0,長,,,,
8,大口径主砲,41cm連装砲,3,3,20,0,4,0,0,0,長,FALSE,,,
133,大口径主砲,381mm/50 三連装砲,3,3,20,0,2,0,-3,0,超長,,,,
289,大口径主砲,35.6cm三連装砲改(ダズル迷彩仕様),3,3,19,0,5,0,3,0,長,,,,
192,大口径主砲,38.1cm Mk.I/N連装砲改,3,3,19,0,3,0,2,0,長,,,,
103,大口径主砲,試製35.6cm三連装砲,3,3,18,0,5,0,2,0,長,,,,
190,大口径主砲,38.1cm Mk.I連装砲,3,3,18,0,1,0,1,0,長,FALSE,,,
329,大口径主砲,35.6cm連装砲改二,3,3,17,0,5,0,5,0,長,,,,
114,大口径主砲,38cm連装砲改,3,3,17,0,2,0,3,0,長,,,,
232,大口径主砲,30.5cm三連装砲改,3,3,17,0,3,0,3,0,長,,,,
328,大口径主砲,35.6cm連装砲改,3,3,16,0,4,0,3,0,長,,,,
76,大口径主砲,38cm連装砲,3,3,16,0,1,0,1,0,長,FALSE,,,
231,大口径主砲,30.5cm三連装砲,3,3,16,0,0,0,1,0,長,FALSE,,,
104,大口径主砲,35.6cm連装砲(ダズル迷彩),3,3,15,0,5,0,1,0,長,FALSE,,,
7,大口径主砲,35.6cm連装砲,3,3,15,0,4,0,0,0,長,FALSE,,,
134,副砲,OTO 152mm三連装速射砲,4,4,8,0,2,0,1,0,中,,CL,,
234,副砲,15.5cm三連装副砲改,4,4,7,0,5,0,4,0,中,,CL,,
12,副砲,15.5cm三連装副砲,4,4,7,0,3,0,2,0,中,,CL,,
247,副砲,15.2cm三連装砲,4,4,6,0,1,0,3,0,中,FALSE,CL,,
77,副砲,15cm連装副砲,4,4,4,0,2,0,2,0,中,FALSE,CL,,
172,副砲,5inch連装砲 Mk.28 mod.2,4,16,4,0,9,0,2,0,短,,CL,,
160,副砲,10.5cm連装砲,4,16,3,0,6,0,2,0,短,FALSE,CL,,
275,副砲,10cm連装高角砲改+増設機銃,4,16,2,0,9,0,2,0,短,,CL,,
10,副砲,12.7cm連装高角砲,4,16,2,0,4,0,1,0,短,FALSE,CL,,
11,副砲,15.2cm単装砲,4,4,2,0,0,0,1,0,中,FALSE,CL,,
358,副砲,5inch 単装高角砲群,4,16,2,0,5,0,1,0,短,,CL,,
66,副砲,8cm高角砲,4,16,1,0,6,0,2,0,短,,CL,,
220,副砲,8cm高角砲改+増設機銃,4,16,1,0,7,0,2,0,短,,CL,,
71,副砲,10cm連装高角砲(砲架),4,16,1,0,7,0,1,0,短,,CL,,
130,副砲,12.7cm高角砲+高射装置,4,16,1,0,8,0,1,0,短,,CL,,
135,副砲,90mm単装高角砲,4,16,1,0,8,0,1,0,短,,CL,,
283,魚雷,533mm 三連装魚雷,5,5,1,5,0,0,0,0,短,FALSE,DD:CL,,
314,魚雷,533mm五連装魚雷(初期型),5,5,1,8,0,0,0,0,短,,DD:CL,,
376,魚雷,533mm五連装魚雷(後期型),5,5,1,11,0,0,0,0,短,,DD:CL,,
67,魚雷,53cm艦首(酸素)魚雷,5,5,0,15,0,0,2,0,短,,DD:CL,,
179,魚雷,試製61cm六連装(酸素)魚雷,5,5,0,14,0,0,2,0,短,,DD:CL,,
285,魚雷,61cm三連装(酸素)魚雷後期型,5,5,0,9,0,0,2,0,短,,DD:CL,,
286,魚雷,61cm四連装(酸素)魚雷後期型,5,5,0,11,0,0,2,0,短,,DD:CL,,
58,魚雷,61cm五連装(酸素)魚雷,5,5,0,12,0,0,1,0,短,,DD:CL,,
13,魚雷,61cm三連装魚雷,5,5,0,5,0,0,0,0,短,FALSE,DD:CL,,
14,魚雷,61cm四連装魚雷,5,5,0,7,0,0,0,0,短,FALSE,DD:CL,,
15,魚雷,61cm四連装(酸素)魚雷,5,5,0,10,0,0,0,0,短,,DD:CL,,
125,魚雷,61cm三連装(酸素)魚雷,5,5,0,8,0,0,0,0,短,,DD:CL,,
174,魚雷,53cm連装魚雷,5,5,0,3,0,0,0,0,短,FALSE,DD:CL,,
184,艦上戦闘機,Re.2001 OR改,6,6,3,0,6,0,0,0,無,,,,
337,艦上戦闘機,烈風改二(一航戦/熟練),6,6,2,0,14,0,2,0,無,,,,
353,艦上戦闘機,Fw190 A-5改(熟練),6,6,2,0,11,0,1,0,無,,,,
159,艦上戦闘機,Fw190T改,6,6,2,0,10,0,0,0,無,,,,
338,艦上戦闘機,烈風改二戊型,6,45,2,0,11,0,0,0,無,,,,
339,艦上戦闘機,烈風改二戊型(一航戦/熟練),6,45,2,0,12,0,0,0,無,,,,
249,艦上戦闘機,Fulmar,6,6,1,0,3,2,2,0,無,,,,
335,艦上戦闘機,烈風改(試製艦載型),6,6,1,0,10,0,2,0,無,,,,
336,艦上戦闘機,烈風改二,6,6,1,0,13,0,2,0,無,,,,
198,艦上戦闘機,F4F-4,6,6,1,0,5,0,1,0,無,FALSE,,,
205,艦上戦闘機,F6F-3,6,6,1,0,8,0,1,0,無,,,,
206,艦上戦闘機,F6F-5,6,6,1,0,10,0,1,0,無,,,,
252,艦上戦闘機,Seafire Mk.III改,6,6,1,0,9,0,1,0,無,,,,
158,艦上戦闘機,Bf109T改,6,6,1,0,8,0,0,0,無,,,,
189,艦上戦闘機,Re.2005 改,6,6,1,0,11,0,0,0,無,,,,
197,艦上戦闘機,F4F-3,6,6,1,0,4,0,0,0,無,FALSE,,,
255,艦上戦闘機,F6F-5N,6,45,0,0,10,5,3,0,無,,,,
96,艦上戦闘機,零式艦戦21型(熟練),6,6,0,0,8,0,2,0,無,,,,
157,艦上戦闘機,零式艦戦53型(岩本隊),6,6,0,0,12,0,2,0,無,,,,
254,艦上戦闘機,F6F-3N,6,45,0,0,8,4,2,0,無,,,,
109,艦上戦闘機,零戦52型丙(六〇一空),6,6,0,0,9,0,1,0,無,,,,
110,艦上戦闘機,烈風(六〇一空),6,6,0,0,11,0,1,0,無,,,,
152,艦上戦闘機,零式艦戦52型(熟練),6,6,0,0,9,0,1,0,無,,,,
153,艦上戦闘機,零戦52型丙(付岩井小隊),6,6,0,0,10,0,1,0,無,,,,
155,艦上戦闘機,零戦21型(付岩本小隊),6,6,0,0,9,0,1,0,無,,,,
156,艦上戦闘機,零戦52型甲(付岩本小隊),6,6,0,0,11,0,1,0,無,,,,
182,艦上戦闘機,零式艦戦32型(熟練),6,6,0,0,8,0,1,0,無,,,,
271,艦上戦闘機,紫電改四,6,6,0,0,10,0,1,0,無,,,,
19,艦上戦闘機,九六式艦戦,6,6,0,0,3,0,0,0,無,FALSE,,,
20,艦上戦闘機,零式艦戦21型,6,6,0,0,5,0,0,0,無,FALSE,,,
21,艦上戦闘機,零式艦戦52型,6,6,0,0,6,0,0,0,無,FALSE,,,
22,艦上戦闘機,試製烈風 後期型,6,6,0,0,10,0,0,0,無,,,,
53,艦上戦闘機,烈風 一一型,6,6,0,0,12,0,0,0,無,,,,
55,艦上戦闘機,紫電改二,6,6,0,0,9,0,0,0,無,,,,
56,艦上戦闘機,震電改,6,6,0,0,15,0,0,0,無,,,,
181,艦上戦闘機,零式艦戦32型,6,6,0,0,5,0,0,0,無,FALSE,,,
228,艦上戦闘機,九六式艦戦改,6,6,0,0,4,0,0,0,無,,,,
375,艦上戦闘機,XF5U,6,6,0,0,12,0,0,0,無,,,,
316,艦上爆撃機,Re.2001 CB改,7,7,3,0,4,3,1,6,無,FALSE,,,
277,艦上爆撃機,FM-2,7,7,2,0,6,1,2,2,無,FALSE,,,
195,艦上爆撃機,SBD,7,7,1,0,2,3,1,6,無,FALSE,,,
233,艦上爆撃機,F4U-1D,7,7,1,0,7,1,0,7,無,,,,
320,艦上爆撃機,彗星一二型(三一号光電管爆弾搭載機),7,7,0,0,0,0,5,11,無,,,,
99,艦上爆撃機,九九式艦爆(江草隊),7,7,0,0,0,5,4,10,無,,,,
100,艦上爆撃機,彗星(江草隊),7,7,0,0,1,5,4,13,無,,,,
292,艦上爆撃機,彗星二二型(六三四空/熟練),7,7,0,0,2,5,3,12,長,,,,
306,艦上爆撃機,Ju87C改二(KMX搭載機/熟練),7,7,0,0,0,10,3,10,長,,,,
97,艦上爆撃機,九九式艦爆(熟練),7,7,0,0,1,4,2,7,無,FALSE,,,
291,艦上爆撃機,彗星二二型(六三四空),7,7,0,0,1,4,2,11,長,,,,
305,艦上爆撃機,Ju87C改二(KMX搭載機),7,7,0,0,0,9,2,9,無,,,,
64,艦上爆撃機,Ju87C改,7,7,0,0,0,5,1,9,無,,,,
111,艦上爆撃機,彗星(六〇一空),7,7,0,0,0,4,1,11,無,,,,
154,艦上爆撃機,零戦62型(爆戦/岩井隊),7,7,0,0,7,3,1,4,無,,,,
319,艦上爆撃機,彗星一二型(六三四空/三号爆弾搭載機),7,7,0,0,3,2,1,12,無,,,,
23,艦上爆撃機,九九式艦爆,7,7,0,0,0,3,0,5,無,FALSE,,,
24,艦上爆撃機,彗星,7,7,0,0,0,3,0,8,無,FALSE,,,
57,艦上爆撃機,彗星一二型甲,7,7,0,0,0,3,0,10,無,FALSE,,,
60,艦上爆撃機,零式艦戦62型(爆戦),7,7,0,0,4,3,0,4,無,,,,
148,艦上爆撃機,試製南山,7,7,0,0,1,4,0,11,無,,,,
219,艦上爆撃機,零式艦戦63型(爆戦),7,7,0,0,5,2,0,5,無,,,,
248,艦上爆撃機,Skua,7,7,0,0,2,2,0,4,無,,,,
244,艦上攻撃機,Swordfish Mk.III(熟練),8,8,4,8,0,10,4,0,無,,,,
243,艦上攻撃機,Swordfish Mk.II(熟練),8,8,3,5,0,6,3,0,無,,,,
188,艦上攻撃機,Re.2001 G改,8,8,3,4,4,0,0,0,無,,,,
257,艦上攻撃機,TBM-3D,8,46,2,9,1,8,2,0,無,,,,
242,艦上攻撃機,Swordfish,8,8,2,3,0,4,1,0,無,FALSE,,,
256,艦上攻撃機,TBF,8,8,2,9,1,6,0,0,無,FALSE,,,
196,艦上攻撃機,TBD,8,8,1,5,0,4,0,0,無,FALSE,,,
93,艦上攻撃機,九七式艦攻(友永隊),8,8,0,11,1,5,3,0,無,,,,
94,艦上攻撃機,天山一二型(友永隊),8,8,0,14,1,6,3,0,無,,,,
98,艦上攻撃機,九七式艦攻(熟練),8,8,0,8,0,5,2,0,無,FALSE,,,
143,艦上攻撃機,九七式艦攻(村田隊),8,8,0,12,1,5,2,0,無,,,,
144,艦上攻撃機,天山一二型(村田隊),8,8,0,15,1,6,2,0,無,,,,
302,艦上攻撃機,九七式艦攻(九三一空/熟練),8,8,0,8,0,9,2,0,無,,,,
343,艦上攻撃機,流星改(一航戦/熟練),8,8,0,15,3,7,2,0,無,,,,
345,艦上攻撃機,九七式艦攻改(熟練) 試製三号戊型(空六号電探改装備機),8,46,0,9,0,7,2,0,無,,,,
374,艦上攻撃機,天山一二型甲改(熟練/空六号電探改装備機),8,46,0,13,1,7,2,0,無,,,,
112,艦上攻撃機,天山(六〇一空),8,8,0,10,0,4,1,0,無,,,,
113,艦上攻撃機,流星(六〇一空),8,8,0,13,0,5,1,0,無,,,,
342,艦上攻撃機,流星改(一航戦),8,8,0,14,2,6,1,0,無,,,,
344,艦上攻撃機,九七式艦攻改 試製三号戊型(空六号電探改装備機),8,46,0,7,0,6,1,0,無,,,,
373,艦上攻撃機,天山一二型甲改(空六号電探改装備機),8,46,0,11,1,6,1,0,無,,,,
16,艦上攻撃機,九七式艦攻,8,8,0,5,0,4,0,0,無,FALSE,,,
17,艦上攻撃機,天山,8,8,0,7,0,3,0,0,無,FALSE,,,
18,艦上攻撃機,流星,8,8,0,10,1,4,0,0,無,FALSE,,,
52,艦上攻撃機,流星改,8,8,0,13,1,3,0,0,無,,,,
82,艦上攻撃機,九七式艦攻(九三一空),8,8,0,6,0,7,0,0,無,,,,
83,艦上攻撃機,天山(九三一空),8,8,0,9,0,8,0,0,無,FALSE,,,
372,艦上攻撃機,天山一二型甲,8,8,0,9,1,4,0,0,無,,,,
151,艦上偵察機,試製景雲(艦偵型),9,9,2,0,0,0,2,0,無,,,,
212,艦上偵察機,彩雲(東カロリン空),9,9,1,0,0,0,2,0,無,,,,
61,艦上偵察機,二式艦上偵察機,9,9,0,0,1,0,3,0,無,,,,
54,艦上偵察機,彩雲,9,9,0,0,0,0,2,0,無,,,,
273,艦上偵察機,彩雲(偵四),9,9,0,0,2,0,2,0,無,,,,
239,水上偵察機,零式水上偵察機11型乙(熟練),10,10,2,0,1,8,3,0,無,,CL,,
371,水上偵察機,Fairey Seafox改,10,10,2,0,1,3,2,0,無,,CL,,
163,水上偵察機,Ro.43水偵,10,10,1,0,1,2,2,0,無,,CL,,
238,水上偵察機,零式水上偵察機11型乙,10,10,1,0,1,7,2,0,無,,CL,,
370,水上偵察機,Swordfish Mk.II改(水偵型),10,10,1,0,0,6,2,0,無,,CL,,
59,水上偵察機,零式水上観測機,10,10,0,0,2,4,2,1,無,,CL,,
115,水上偵察機,Ar196改,10,10,0,0,1,5,2,1,無,,CL,,
171,水上偵察機,OS2U,10,10,0,0,1,1,2,1,無,,CL,,
304,水上偵察機,S9 Osprey,10,10,0,0,1,2,2,0,無,,CL,,
25,水上偵察機,零式水上偵察機,10,10,0,0,1,2,1,1,無,FALSE,CL,,
102,水上偵察機,九八式水上偵察機(夜偵),10,10,0,0,0,1,1,0,無,,CL,,
118,水上偵察機,紫雲,10,10,0,0,0,2,1,1,無,,CL,,
369,水上爆撃機,Swordfish Mk.III改(水上機型/熟練),11,10,4,7,0,8,3,8,無,,,,
368,水上爆撃機,Swordfish Mk.III改(水上機型),11,10,4,6,0,7,2,7,無,,,,
323,水上爆撃機,瑞雲改二(六三四空/熟練),11,10,2,0,5,7,3,11,無,,,,
322,水上爆撃機,瑞雲改二(六三四空),11,10,2,0,4,6,2,10,無,,,,
367,水上爆撃機,Swordfish(水上機型),11,10,2,5,0,4,1,5,無,,,,
194,水上爆撃機,Late 298B,11,10,2,4,1,2,0,5,無,,,,
207,水上爆撃機,瑞雲(六三一空),11,10,0,0,1,2,2,7,無,,,,
208,水上爆撃機,晴嵐(六三一空),11,10,0,0,0,3,2,12,無,,,,
26,水上爆撃機,瑞雲,11,10,0,0,2,4,1,4,無,FALSE,,,
62,水上爆撃機,試製晴嵐,11,10,0,0,0,6,1,11,無,,,,
79,水上爆撃機,瑞雲(六三四空),11,10,0,0,2,5,1,6,無,,,,
80,水上爆撃機,瑞雲12型,11,10,0,0,3,5,1,7,無,,,,
81,水上爆撃機,瑞雲12型(六三四空),11,10,0,0,3,6,1,9,無,,,,
237,水上爆撃機,瑞雲(六三四空/熟練),11,10,0,0,4,6,1,9,無,,,,
307,小型電探,GFCS Mk.37,12,11,2,0,7,0,9,0,中,,DD:DE:CL,,
240,小型電探,22号対水上電探改四(後期調整型),12,11,1,0,0,2,9,0,無,,DD:DE:CL,,
315,小型電探,SG レーダー(初期型),12,11,1,0,3,3,8,0,中,,DD:DE:CL,,
88,小型電探,22号対水上電探改四,12,11,0,0,0,2,8,0,無,,DD:DE:CL,,
29,小型電探,33号対水上電探,12,11,0,0,0,0,5,0,無,,DD:DE:CL,,
28,小型電探,22号対水上電探,12,11,0,0,0,0,3,0,無,,DD:DE:CL,,
106,小型電探,13号対空電探改,12,11,0,0,4,0,2,0,無,,DD:DE:CL,,
27,小型電探,13号対空電探,12,11,0,0,2,0,1,0,無,FALSE,DD:DE:CL,,
124,大型電探,FuMO25 レーダー,13,11,3,0,7,0,10,0,無,,CL,470,
142,大型電探,15m二重測距儀+21号電探改二,13,11,1,0,8,0,9,0,無,,,,
279,大型電探,SK+SG レーダー,13,11,1,0,9,0,4,0,中,,CL,470,
141,大型電探,32号対水上電探改,13,11,0,0,0,0,9,0,無,,CL,470,
31,大型電探,32号対水上電探,13,11,0,0,0,0,8,0,無,,CL,470,
32,大型電探,42号対空電探,13,11,0,0,6,0,4,0,無,,CL,470,
89,大型電探,21号対空電探改,13,11,0,0,5,0,3,0,無,,CL,470,
30,大型電探,21号対空電探,13,11,0,0,4,0,2,0,無,FALSE,CL,470,
278,大型電探,SK レーダー,13,11,0,0,8,0,1,0,無,,CL,470,
261,ソナー,Type144/147 ASDIC,14,18,0,0,0,13,3,0,無,,DD:DE:CL,,
262,ソナー,HF/DF + Type144/147 ASDIC,14,18,0,0,0,15,3,0,無,,DD:DE:CL,,
47,ソナー,三式水中探信儀,14,18,0,0,0,10,2,0,無,,DD:DE:CL,,
260,ソナー,Type124 ASDIC,14,18,0,0,0,11,2,0,無,,DD:DE:CL,,
46,ソナー,九三式水中聴音機,14,18,0,0,0,6,1,0,無,,DD:DE:CL,,
149,ソナー,四式水中聴音機,14,18,0,0,0,12,1,0,無,,DD:DE:CL,,
288,爆雷,試製15cm9連装対潜噴進砲,15,17,0,0,0,15,1,0,無,,DD:DE:CL,,
377,爆雷,RUR-4A Weapon Alpha改,15,17,0,0,0,17,1,0,無,,DD:DE:CL,,
44,爆雷,九四式爆雷投射機,15,17,0,0,0,5,0,0,無,,DD:DE:CL,,
45,爆雷,三式爆雷投射機,15,17,0,0,0,8,0,0,無,,DD:DE:CL,,
226,爆雷,九五式爆雷,15,17,0,0,0,4,0,0,無,,DD:DE:CL,,
227,爆雷,二式爆雷,15,17,0,0,0,7,0,0,無,,DD:DE:CL,,
287,爆雷,三式爆雷投射機 集中配備,15,17,0,0,0,12,0,0,無,,DD:DE:CL,,
346,爆雷,二式12cm迫撃砲改,15,17,0,0,0,3,0,0,無,,DD:DE:CL,,
347,爆雷,二式12cm迫撃砲改 集中配備,15,17,0,0,0,7,0,0,無,,DD:DE:CL,,
378,爆雷,対潜短魚雷(試作初期型),15,17,0,2,0,20,0,0,無,,DD:DE:CL,,
33,機関部強化,改良型艦本式タービン,17,19,0,0,0,0,0,0,無,,DD:DE:CL,,
34,機関部強化,強化型艦本式缶,17,19,0,0,0,0,0,0,無,,DD:DE:CL,,
87,機関部強化,新型高温高圧缶,17,19,0,0,0,0,0,0,無,,DD:DE:CL,,
317,対空強化弾,三式弾改,18,12,3,0,6,0,1,0,無,,,,
35,対空強化弾,三式弾,18,12,0,0,5,0,0,0,無,,,,
365,対艦強化弾,一式徹甲弾改,19,13,11,0,0,0,2,0,無,,,,
116,対艦強化弾,一式徹甲弾,19,13,9,0,0,0,2,0,無,,,,
36,対艦強化弾,九一式徹甲弾,19,13,8,0,0,0,1,0,無,,,,
85,対空機銃,3.7cm FlaK M42,21,15,1,0,8,0,1,0,無,,DD:DE:CL,,
173,対空機銃,Bofors 40mm四連装機関砲,21,15,1,0,10,0,1,0,無,,DD:DE:CL,,
191,対空機銃,QF 2ポンド8連装ポンポン砲,21,15,1,0,10,0,0,0,無,,DD:DE:CL,,
84,対空機銃,2cm 四連装FlaK 38,21,15,0,0,7,0,1,0,無,,DD:DE:CL,,
274,対空機銃,12cm30連装噴進砲改二,21,15,0,0,8,0,1,0,無,,DD:DE:CL,,
37,対空機銃,7.7mm機銃,21,15,0,0,2,0,0,0,無,FALSE,DD:DE:CL,,
38,対空機銃,12.7mm単装機銃,21,15,0,0,3,0,0,0,無,FALSE,DD:DE:CL,,
39,対空機銃,25mm連装機銃,21,15,0,0,5,0,0,0,無,FALSE,DD:DE:CL,,
40,対空機銃,25mm三連装機銃,21,15,0,0,6,0,0,0,無,,DD:DE:CL,,
49,対空機銃,25mm単装機銃,21,15,0,0,4,0,0,0,無,FALSE,DD:DE:CL,,
51,対空機銃,12cm30連装噴進砲,21,15,0,0,8,0,0,0,無,,DD:DE:CL,,
92,対空機銃,毘式40mm連装機銃,21,15,0,0,6,0,0,0,無,FALSE,DD:DE:CL,,
131,対空機銃,25mm三連装機銃 集中配備,21,15,0,0,9,0,0,0,無,,DD:DE:CL,,
301,対空機銃,20連装7inch UP Rocket Launchers,21,15,0,0,7,0,0,0,無,,DD:DE:CL,,
364,特殊潜航艇,甲標的 丁型改(蛟龍改),22,5,0,17,0,0,2,0,無,,,,
309,特殊潜航艇,甲標的 丙型,22,5,0,14,0,0,1,0,無,,,,
41,特殊潜航艇,甲標的 甲型,22,5,0,12,0,0,0,0,無,,,,
42,応急修理要員,応急修理要員,23,14,0,0,0,0,0,0,無,,DD:DE:CL,,
43,応急修理要員,応急修理女神,23,14,0,0,0,0,0,0,無,,DD:DE:CL,,
355,上陸用舟艇,M4A1 DD,24,20,2,0,0,0,0,0,無,,,147:198:199:260:418:434:435:464:468:469:470:489:490:498:548:563:587,
68,上陸用舟艇,大発動艇,24,20,0,0,0,0,0,0,無,,,147:198:199:260:418:434:435:464:468:469:470:489:490:498:548:563:587,
166,上陸用舟艇,大発動艇(八九式中戦車&陸戦隊),24,20,0,0,0,0,0,0,無,,,147:198:199:260:418:434:435:464:468:469:470:489:490:498:548:563:587,
193,上陸用舟艇,特大発動艇,24,20,0,0,0,0,0,0,無,,,147:198:199:260:418:434:435:464:468:469:470:489:490:498:548:563:587,
230,上陸用舟艇,特大発動艇+戦車第11連隊,24,20,0,0,0,0,0,0,無,,,147:198:199:260:418:434:435:464:468:469:470:489:490:498:548:563:587,
327,オートジャイロ,S-51J改,25,21,2,0,0,13,3,0,無,,,,
326,オートジャイロ,S-51J,25,21,2,0,0,12,2,0,無,,,,
324,オートジャイロ,オ号観測機改,25,21,1,0,0,10,1,0,無,,,,
325,オートジャイロ,オ号観測機改二,25,21,1,0,0,11,1,0,無,,,,
69,オートジャイロ,カ号観測機,25,21,0,0,0,9,1,0,無,,,,
70,対潜哨戒機,三式指揮連絡機(対潜),26,22,0,0,0,7,2,0,無,,,,
72,追加装甲(中型),増設バルジ(中型艦),27,23,0,0,0,0,0,0,無,,,147:542:543:563:564:566:567:568:569:578:629,
203,追加装甲(中型),艦本新設計 増設バルジ(中型艦),27,23,0,0,0,0,0,0,無,,,147:542:543:563:564:566:567:568:569:578:629,
268,追加装甲(中型),北方迷彩(+北方装備),27,23,0,0,0,0,0,0,無,,,147:542:543:563:564:566:567:568:569:578:629,
73,追加装甲(大型),増設バルジ(大型艦),28,23,0,0,0,0,0,0,無,,,,
136,追加装甲(大型),プリエーゼ式水中防御隔壁,28,23,0,0,0,0,0,0,無,,,,
204,追加装甲(大型),艦本新設計 増設バルジ(大型艦),28,23,0,0,0,0,0,0,無,,,,
74,探照灯,探照灯,29,24,0,0,0,0,0,0,無,,DD:CL,,
75,簡易輸送部材,ドラム缶(輸送用),30,25,0,0,0,0,0,0,無,,DD,,
86,艦艇修理施設,艦艇修理施設,31,26,0,0,0,0,0,0,無,,,,
127,潜水艦魚雷,試製FaT仕様九五式酸素魚雷改,32,5,0,14,0,0,7,0,短,,,,
214,潜水艦魚雷,熟練聴音員+後期型艦首魚雷(6門),32,5,0,15,0,0,5,0,短,,,,
95,潜水艦魚雷,潜水艦53cm艦首魚雷(8門),32,5,0,16,0,0,3,0,短,,,,
213,潜水艦魚雷,後期型艦首魚雷(6門),32,5,0,15,0,0,3,0,短,,,,
101,照明弾,照明弾,33,27,0,0,0,0,0,0,無,,DD,,
107,司令部施設,艦隊司令部施設,34,28,0,0,1,0,1,0,無,,CL,464:497:498:542:543:567:587,
272,司令部施設,遊撃部隊 艦隊司令部,34,28,0,0,0,0,1,0,無,,CL,464:497:498:542:543:567:587,
108,航空要員,熟練艦載機整備員,35,29,10,0,1,0,1,0,長,,,,
259,航空要員,夜間作戦航空要員+熟練甲板員,35,29,3,0,0,0,2,0,長,,,,
258,航空要員,夜間作戦航空要員,35,29,1,0,0,0,0,0,中,,,,
120,高射装置,91式高射装置,36,30,0,0,2,0,0,0,無,,DD:DE:CL,,
121,高射装置,94式高射装置,36,30,0,0,3,0,0,0,無,,DD:DE:CL,,
126,対地装備,WG42 (Wurfgerat 42),37,31,1,0,0,0,0,0,短,,DD:DE:CL,,
349,対地装備,四式20cm対地噴進砲 集中配備,37,31,1,0,0,0,0,0,無,,DD:DE:CL,,
348,対地装備,艦載型 四式20cm対地噴進砲,37,31,0,0,0,0,0,0,無,,DD:DE:CL,,
129,水上艦要員,熟練見張員,39,32,0,0,1,0,2,0,無,,DD:DE:CL,,
132,大型ソナー,零式水中聴音機,40,18,0,0,0,11,1,0,無,,,,
178,大型飛行艇,PBY-5A Catalina,41,33,0,0,0,2,2,0,無,,,,
138,大型飛行艇,二式大艇,41,33,0,0,0,1,1,0,無,,,,
140,大型探照灯,96式150cm探照灯,42,24,0,0,1,0,0,0,無,,,,
145,戦闘糧食,戦闘糧食,43,34,0,0,0,0,0,0,無,,DD:DE:CL,,
150,戦闘糧食,秋刀魚の缶詰,43,34,0,0,0,0,0,0,無,,DD:DE:CL,,
241,戦闘糧食,戦闘糧食(特別なおにぎり),43,34,0,0,0,0,0,0,無,,DD:DE:CL,,
146,補給物資,洋上補給,44,35,0,0,0,0,0,0,無,,,,
215,水上戦闘機,Ro.44水上戦闘機bis,45,43,0,0,3,1,2,0,無,,,,
164,水上戦闘機,Ro.44水上戦闘機,45,43,0,0,2,1,1,0,無,,,,
165,水上戦闘機,二式水戦改,45,43,0,0,3,1,1,0,無,,,,
216,水上戦闘機,二式水戦改(熟練),45,43,0,0,5,1,1,0,無,,,,
217,水上戦闘機,強風改,45,43,0,0,5,0,0,0,無,,,,
167,特型内火艇,特二式内火艇,46,36,0,0,0,0,0,0,無,,,147:198:199:418:468:470:489:490:497:548:564:568:569:578:587,
224,陸上攻撃機,爆装一式戦 隼III型改(65戦隊),47,44,3,0,6,0,3,8,無,,,,
170,陸上攻撃機,一式陸攻(野中隊),47,37,0,12,3,2,1,13,無,,,,
186,陸上攻撃機,一式陸攻 三四型,47,37,0,11,4,2,1,12,無,,,,
187,陸上攻撃機,銀河,47,37,0,14,3,3,1,14,無,,,,
270,陸上攻撃機,東海(九〇一空),47,47,0,0,0,11,1,2,無,,,,
168,陸上攻撃機,九六式陸攻,47,37,0,8,1,2,0,10,無,,,,
169,陸上攻撃機,一式陸攻,47,37,0,10,2,2,0,12,無,,,,
180,陸上攻撃機,一式陸攻 二二型甲,47,37,0,11,3,2,0,12,無,,,,
269,陸上攻撃機,試製東海,47,47,0,0,0,10,0,2,無,,,,
354,局地戦闘機,Fw190 D-9,48,38,2,0,12,0,3,0,無,,,,
223,局地戦闘機,一式戦 隼III型甲(54戦隊),48,44,2,0,8,0,1,0,無,,,,
251,局地戦闘機,Spitfire Mk.V,48,44,1,0,9,0,3,0,無,,,,
250,局地戦闘機,Spitfire Mk.I,48,44,1,0,7,0,2,0,無,,,,
253,局地戦闘機,Spitfire Mk.IX(熟練),48,44,1,0,10,0,2,0,無,,,,
222,局地戦闘機,一式戦 隼III型甲,48,44,1,0,7,0,1,0,無,,,,
225,局地戦闘機,一式戦 隼II型(64戦隊),48,44,1,0,11,0,1,0,無,,,,
350,局地戦闘機,Me163B,48,38,0,0,2,0,9,0,無,,,,
352,局地戦闘機,秋水,48,38,0,0,3,0,9,0,無,,,,
351,局地戦闘機,試製 秋水,48,38,0,0,2,0,8,0,無,,,,
334,局地戦闘機,烈風改(三五二空/熟練),48,38,0,0,11,0,7,0,無,,,,
333,局地戦闘機,烈風改,48,38,0,0,10,0,6,0,無,,,,
175,局地戦闘機,雷電,48,38,0,0,6,0,5,0,無,,,,
177,局地戦闘機,三式戦 飛燕(飛行第244戦隊),48,44,0,0,9,0,3,0,無,,,,
185,局地戦闘機,三式戦 飛燕一型丁,48,44,0,0,9,0,2,0,無,,,,
263,局地戦闘機,紫電改(三四三空) 戦闘301,48,38,0,0,11,0,2,0,無,,,,
176,局地戦闘機,三式戦 飛燕,48,44,0,0,8,0,1,0,無,,,,
201,局地戦闘機,紫電一一型,48,38,0,0,8,0,1,0,無,,,,
202,局地戦闘機,紫電二一型 紫電改,48,38,0,0,9,0,1,0,無,,,,
218,局地戦闘機,四式戦 疾風,48,44,0,0,10,0,1,0,無,,,,
221,局地戦闘機,一式戦 隼II型,48,44,0,0,6,0,0,0,無,,,,
312,陸上偵察機,二式陸上偵察機(熟練),49,9,0,0,3,0,3,0,無,,,,
311,陸上偵察機,二式陸上偵察機,49,9,0,0,3,0,2,0,無,,,,
209,輸送機材,彩雲(輸送用分解済),50,41,0,0,0,0,0,0,無,,,,
211,潜水艦装備,潜水艦搭載電探&逆探(E27),51,42,1,0,1,0,3,0,無,,,,
210,潜水艦装備,潜水艦搭載電探&水防式望遠鏡,51,42,1,0,1,0,2,0,無,,,,
199,噴式戦闘爆撃機,噴式景雲改,57,39,0,0,6,0,1,15,長,,,,
200,噴式戦闘爆撃機,橘花改,57,40,0,0,12,0,0,11,長,,,,
9999,EOF,EOF,99,99,99,99,99,99,99,99,99,,,,
